Algorithm,Cities,Best Distance,Best Fitness,Average Distance,Computation Time
Ant_Colony_case3_part2,36,7986.1837162064985,7986.1837162064985,7986.1837162064985,3.248537302017212
