Algorithm,Cities,Best Distance,Best Fitness,Average Distance,Computation Time
Ant_Colony_case1_part2,36,8187.699122912389,8187.699122912389,8187.699122912389,1.267982006072998
