Algorithm,Cities,Best Distance,Best Fitness,Average Distance,Computation Time
Ant_Colony_case2_part2,36,8091.432819835873,8091.432819835873,8091.432819835873,1.275268793106079
