Algorithm,Cities,Best Distance,Best Fitness,Average Distance,Computation Time
Particle_Swarm_case2_part2,36,2662.8708166212577,2662.8708166212577,2662.8708166212577,21.84564208984375
