Algorithm,Cities,Best Distance,Best Fitness,Average Distance,Computation Time
Particle_Swarm_case1_part2,36,3586.4193524628827,3586.4193524628827,3586.4193524628827,26.943415641784668
