Algorithm,Cities,Best Distance,Best Fitness,Average Distance,Computation Time
Ant_Colony_case3_part2,36,7903.935092988375,0.00012651925758943867,8017.451602844252,5.206843471527099
