Algorithm,Cities,Best Distance,Best Fitness,Average Distance,Computation Time
Ant_Colony_case2_part2,36,7885.072678675765,0.00012682191284100404,8021.2816154335105,3.2689884662628175
