Algorithm,Cities,Best Distance,Best Fitness,Average Distance,Computation Time
Ant_Colony_case1_part2,36,7980.196946348033,0.00012531019055333324,8019.556977235149,2.9300693035125733
