Algorithm,Cities,Best Distance,Best Fitness,Average Distance,Computation Time
Genetic_Algorithm_case1_part2,36,7781.173417379019,0.00012851532106539738,7984.843198757769,16.217435026168822
