Algorithm,Cities,Best Distance,Best Fitness,Average Distance,Computation Time
Particle_Swarm_case1_part2,36,8083.710376920223,0.0001237055700133811,8632.840981317155,9.801563739776611
