Algorithm,Cities,Best Distance,Best Fitness,Average Distance,Computation Time
Particle_Swarm_case2_part2,36,8138.41879600379,0.00012287399125872342,8798.41520406329,11.197900438308716
